{
    "loss": 0.3345286548137665,
    "accuracy": 0.931034505367279
}